,precision,recall,f1-score,support
Stayed,0.9014997973246859,0.9286012526096034,0.9148498560263266,2395.0
Exited,0.6791744840525328,0.5983471074380166,0.6362038664323374,605.0
accuracy,0.862,0.862,0.862,0.862
macro avg,0.7903371406886093,0.76347418002381,0.775526861229332,3000.0
weighted avg,0.8566641924814683,0.862,0.8586562481248722,3000.0
